name,url,freq,pol,bwMHz,direction,mixed,newCells
NISAR_L2_PR_GCOV_030_122_D_089_4005_DHDH_A_20260914T161801_20260914T161835_P05023_N_F_J_001,https://nisar.asf.earthdatacloud.nasa.gov/NISAR/NISAR_L2_GCOV_PROVISIONAL_V1/NISAR_L2_PR_GCOV_030_122_D_089_4005_DHDH_A_20260914T161801_20260914T161835_P05023_N_F_J_001/NISAR_L2_PR_GCOV_030_122_D_089_4005_DHDH_A_20260914T161801_20260914T161835_P05023_N_F_J_001.h5,A,DH,40,D,0,10696
NISAR_L2_PR_GCOV_030_057_A_001_4005_DHDH_A_20260910T031540_20260910T031614_P05023_N_F_J_001,https://nisar.asf.earthdatacloud.nasa.gov/NISAR/NISAR_L2_GCOV_PROVISIONAL_V1/NISAR_L2_PR_GCOV_030_057_A_001_4005_DHDH_A_20260910T031540_20260910T031614_P05023_N_F_J_001/NISAR_L2_PR_GCOV_030_057_A_001_4005_DHDH_A_20260910T031540_20260910T031614_P05023_N_F_J_001.h5,A,DH,40,A,0,4101
NISAR_L2_PR_GCOV_030_021_D_089_4005_DHDH_A_20260907T160941_20260907T160948_P05023_N_P_J_001,https://nisar.asf.earthdatacloud.nasa.gov/NISAR/NISAR_L2_GCOV_PROVISIONAL_V1/NISAR_L2_PR_GCOV_030_021_D_089_4005_DHDH_A_20260907T160941_20260907T160948_P05023_N_P_J_001/NISAR_L2_PR_GCOV_030_021_D_089_4005_DHDH_A_20260907T160941_20260907T160948_P05023_N_P_J_001.h5,A,DH,40,D,0,2706
NISAR_L2_PR_GCOV_030_093_D_089_4005_DHDH_A_20260912T160122_20260912T160128_P05023_N_P_J_001,https://nisar.asf.earthdatacloud.nasa.gov/NISAR/NISAR_L2_GCOV_PROVISIONAL_V1/NISAR_L2_PR_GCOV_030_093_D_089_4005_DHDH_A_20260912T160122_20260912T160128_P05023_N_P_J_001/NISAR_L2_PR_GCOV_030_093_D_089_4005_DHDH_A_20260912T160122_20260912T160128_P05023_N_P_J_001.h5,A,DH,40,D,0,1418
NISAR_L2_PR_GCOV_030_122_D_090_4005_DHDH_A_20260914T161834_20260914T161840_P05023_N_P_J_001,https://nisar.asf.earthdatacloud.nasa.gov/NISAR/NISAR_L2_GCOV_PROVISIONAL_V1/NISAR_L2_PR_GCOV_030_122_D_090_4005_DHDH_A_20260914T161834_20260914T161840_P05023_N_P_J_001/NISAR_L2_PR_GCOV_030_122_D_090_4005_DHDH_A_20260914T161834_20260914T161840_P05023_N_P_J_001.h5,A,DH,40,D,0,1323
NISAR_L2_PR_GCOV_030_122_D_088_4005_DHDH_A_20260914T161727_20260914T161802_P05023_N_F_J_001,https://nisar.asf.earthdatacloud.nasa.gov/NISAR/NISAR_L2_GCOV_PROVISIONAL_V1/NISAR_L2_PR_GCOV_030_122_D_088_4005_DHDH_A_20260914T161727_20260914T161802_P05023_N_F_J_001/NISAR_L2_PR_GCOV_030_122_D_088_4005_DHDH_A_20260914T161727_20260914T161802_P05023_N_F_J_001.h5,A,DH,40,D,0,489
NISAR_L2_PR_GCOV_030_093_D_088_4005_DHDH_A_20260912T160049_20260912T160123_P05023_N_F_J_001,https://nisar.asf.earthdatacloud.nasa.gov/NISAR/NISAR_L2_GCOV_PROVISIONAL_V1/NISAR_L2_PR_GCOV_030_093_D_088_4005_DHDH_A_20260912T160049_20260912T160123_P05023_N_F_J_001/NISAR_L2_PR_GCOV_030_093_D_088_4005_DHDH_A_20260912T160049_20260912T160123_P05023_N_F_J_001.h5,A,DH,40,D,0,464
NISAR_L2_PR_GCOV_030_056_A_176_4005_DHDH_A_20260910T031535_20260910T031541_P05023_N_P_J_001,https://nisar.asf.earthdatacloud.nasa.gov/NISAR/NISAR_L2_GCOV_PROVISIONAL_V1/NISAR_L2_PR_GCOV_030_056_A_176_4005_DHDH_A_20260910T031535_20260910T031541_P05023_N_P_J_001/NISAR_L2_PR_GCOV_030_056_A_176_4005_DHDH_A_20260910T031535_20260910T031541_P05023_N_P_J_001.h5,A,DH,40,A,0,376
NISAR_L2_PR_GCOV_030_021_D_088_4005_DHDH_A_20260907T160908_20260907T160942_P05023_N_F_J_001,https://nisar.asf.earthdatacloud.nasa.gov/NISAR/NISAR_L2_GCOV_PROVISIONAL_V1/NISAR_L2_PR_GCOV_030_021_D_088_4005_DHDH_A_20260907T160908_20260907T160942_P05023_N_F_J_001/NISAR_L2_PR_GCOV_030_021_D_088_4005_DHDH_A_20260907T160908_20260907T160942_P05023_N_F_J_001.h5,A,DH,40,D,0,371
NISAR_L2_PR_GCOV_030_014_A_001_4005_DHDH_A_20260907T034035_20260907T034112_P05023_N_F_J_001,https://nisar.asf.earthdatacloud.nasa.gov/NISAR/NISAR_L2_GCOV_PROVISIONAL_V1/NISAR_L2_PR_GCOV_030_014_A_001_4005_DHDH_A_20260907T034035_20260907T034112_P05023_N_F_J_001/NISAR_L2_PR_GCOV_030_014_A_001_4005_DHDH_A_20260907T034035_20260907T034112_P05023_N_F_J_001.h5,A,DH,40,A,0,106
NISAR_L2_PR_GCOV_030_021_D_091_2005_DHDH_A_20260907T161048_20260907T161123_P05023_N_F_J_001,https://nisar.asf.earthdatacloud.nasa.gov/NISAR/NISAR_L2_GCOV_PROVISIONAL_V1/NISAR_L2_PR_GCOV_030_021_D_091_2005_DHDH_A_20260907T161048_20260907T161123_P05023_N_F_J_001/NISAR_L2_PR_GCOV_030_021_D_091_2005_DHDH_A_20260907T161048_20260907T161123_P05023_N_F_J_001.h5,A,DH,20,D,0,12500
NISAR_L2_PR_GCOV_030_093_D_090_2005_DHDH_A_20260912T160155_20260912T160230_P05023_N_F_J_001,https://nisar.asf.earthdatacloud.nasa.gov/NISAR/NISAR_L2_GCOV_PROVISIONAL_V1/NISAR_L2_PR_GCOV_030_093_D_090_2005_DHDH_A_20260912T160155_20260912T160230_P05023_N_F_J_001/NISAR_L2_PR_GCOV_030_093_D_090_2005_DHDH_A_20260912T160155_20260912T160230_P05023_N_F_J_001.h5,A,DH,20,D,0,12428
NISAR_L2_PR_GCOV_030_157_A_175_2005_DHDH_A_20260917T032252_20260917T032327_P05023_N_F_J_001,https://nisar.asf.earthdatacloud.nasa.gov/NISAR/NISAR_L2_GCOV_PROVISIONAL_V1/NISAR_L2_PR_GCOV_030_157_A_175_2005_DHDH_A_20260917T032252_20260917T032327_P05023_N_F_J_001/NISAR_L2_PR_GCOV_030_157_A_175_2005_DHDH_A_20260917T032252_20260917T032327_P05023_N_F_J_001.h5,A,DH,20,A,0,10111
NISAR_L2_PR_GCOV_030_021_D_090_2005_DHDH_A_20260907T161015_20260907T161049_P05023_N_F_J_001,https://nisar.asf.earthdatacloud.nasa.gov/NISAR/NISAR_L2_GCOV_PROVISIONAL_V1/NISAR_L2_PR_GCOV_030_021_D_090_2005_DHDH_A_20260907T161015_20260907T161049_P05023_N_F_J_001/NISAR_L2_PR_GCOV_030_021_D_090_2005_DHDH_A_20260907T161015_20260907T161049_P05023_N_F_J_001.h5,A,DH,20,D,0,9880
NISAR_L2_PR_GCOV_030_021_D_089_2005_SHSH_M_20260907T160941_20260907T161016_P05023_N_F_J_001,https://nisar.asf.earthdatacloud.nasa.gov/NISAR/NISAR_L2_GCOV_PROVISIONAL_V1/NISAR_L2_PR_GCOV_030_021_D_089_2005_SHSH_M_20260907T160941_20260907T161016_P05023_N_F_J_001/NISAR_L2_PR_GCOV_030_021_D_089_2005_SHSH_M_20260907T160941_20260907T161016_P05023_N_F_J_001.h5,A,SH,20,D,1,7924
NISAR_L2_PR_GCOV_030_013_A_176_2005_DHDH_M_20260907T034004_20260907T034039_P05023_N_F_J_001,https://nisar.asf.earthdatacloud.nasa.gov/NISAR/NISAR_L2_GCOV_PROVISIONAL_V1/NISAR_L2_PR_GCOV_030_013_A_176_2005_DHDH_M_20260907T034004_20260907T034039_P05023_N_F_J_001/NISAR_L2_PR_GCOV_030_013_A_176_2005_DHDH_M_20260907T034004_20260907T034039_P05023_N_F_J_001.h5,A,DH,20,A,1,5817
NISAR_L2_PR_GCOV_030_093_D_089_2005_DHDH_M_20260912T160122_20260912T160156_P05023_N_F_J_001,https://nisar.asf.earthdatacloud.nasa.gov/NISAR/NISAR_L2_GCOV_PROVISIONAL_V1/NISAR_L2_PR_GCOV_030_093_D_089_2005_DHDH_M_20260912T160122_20260912T160156_P05023_N_F_J_001/NISAR_L2_PR_GCOV_030_093_D_089_2005_DHDH_M_20260912T160122_20260912T160156_P05023_N_F_J_001.h5,A,DH,20,D,1,5038
NISAR_L2_PR_GCOV_030_013_A_175_2005_DHDH_A_20260907T033931_20260907T034005_P05023_N_F_J_001,https://nisar.asf.earthdatacloud.nasa.gov/NISAR/NISAR_L2_GCOV_PROVISIONAL_V1/NISAR_L2_PR_GCOV_030_013_A_175_2005_DHDH_A_20260907T033931_20260907T034005_P05023_N_F_J_001/NISAR_L2_PR_GCOV_030_013_A_175_2005_DHDH_A_20260907T033931_20260907T034005_P05023_N_F_J_001.h5,A,DH,20,A,0,4162
NISAR_L2_PR_GCOV_030_085_A_175_2005_DHDH_A_20260912T033112_20260912T033146_P05023_N_F_J_001,https://nisar.asf.earthdatacloud.nasa.gov/NISAR/NISAR_L2_GCOV_PROVISIONAL_V1/NISAR_L2_PR_GCOV_030_085_A_175_2005_DHDH_A_20260912T033112_20260912T033146_P05023_N_F_J_001/NISAR_L2_PR_GCOV_030_085_A_175_2005_DHDH_A_20260912T033112_20260912T033146_P05023_N_F_J_001.h5,A,DH,20,A,0,3999
NISAR_L2_PR_GCOV_030_165_D_090_2005_SHSH_M_20260917T155336_20260917T155410_P05023_N_F_J_001,https://nisar.asf.earthdatacloud.nasa.gov/NISAR/NISAR_L2_GCOV_PROVISIONAL_V1/NISAR_L2_PR_GCOV_030_165_D_090_2005_SHSH_M_20260917T155336_20260917T155410_P05023_N_F_J_001/NISAR_L2_PR_GCOV_030_165_D_090_2005_SHSH_M_20260917T155336_20260917T155410_P05023_N_F_J_001.h5,A,SH,20,D,1,1392
NISAR_L2_PR_GCOV_030_093_D_091_2005_DHDH_A_20260912T160229_20260912T160303_P05023_N_F_J_001,https://nisar.asf.earthdatacloud.nasa.gov/NISAR/NISAR_L2_GCOV_PROVISIONAL_V1/NISAR_L2_PR_GCOV_030_093_D_091_2005_DHDH_A_20260912T160229_20260912T160303_P05023_N_F_J_001/NISAR_L2_PR_GCOV_030_093_D_091_2005_DHDH_A_20260912T160229_20260912T160303_P05023_N_F_J_001.h5,A,DH,20,D,0,115
