areaKm2,country,nearestPlace,lon,lat,west,south,east,north,otherDirectionPct
251031,Antarctica,Troll Station (1894 km),0.0,-88.84,-180.0,-90.0,180.0,-87.0,34
37476,"Lao PDR, Thailand",Nan (41 km),100.41,18.87,99.38,17.7,101.44,20.02,100
7149,Ghana,Winneba (25 km),-0.74,5.55,-1.3,5.12,0.48,5.98,100
6925,"Algeria, Niger",Djado (259 km),10.46,22.43,9.16,21.88,12.64,23.0,95
6141,Sudan,Dongola (355 km),27.96,17.21,27.08,16.86,28.78,17.54,100
4808,Greenland,Ittoqqortoormiit (978 km),-27.52,77.29,-33.84,77.08,-25.42,77.5,57
4792,Libya,Hun (34 km),16.23,29.17,15.42,28.84,16.9,29.48,95
3325,Algeria,In Amguel (135 km),6.22,24.29,4.44,23.84,7.96,24.74,97
3132,Niger,Agadez (372 km),11.26,17.65,10.38,17.36,12.06,17.92,100
2711,"Mali, Mauritania",Goundam (155 km),-4.35,17.63,-6.2,17.18,-2.58,18.08,100
2638,Chad,Faya Largeau (191 km),19.02,19.63,18.14,19.36,19.82,19.88,82
2589,France,St.-Benoit (22 km),55.53,-21.11,55.22,-21.38,55.86,-20.86,0
2554,Libya,Maradah (113 km),19.6,28.29,17.84,27.84,21.26,28.72,98
2434,Mauritania,Atar (174 km),-13.02,18.95,-14.84,18.5,-11.28,19.38,100
2331,Algeria,Tamanrasset (214 km),3.8,21.93,2.96,21.66,4.6,22.18,100
2245,"Algeria, Libya",Ghat (199 km),10.73,23.27,8.96,22.82,12.44,23.7,96
1911,Mauritius,Curepipe (12 km),57.59,-20.24,57.3,-20.52,57.8,-19.98,0
1900,Algeria,Reggane (220 km),-1.47,25.59,-2.18,25.36,-0.68,25.84,100
1786,Algeria,Ghardaia (116 km),2.86,31.83,2.12,31.6,3.46,32.04,100
1768,Papua New Guinea,Lorengau (37 km),146.95,-2.09,146.52,-2.22,147.32,-1.94,100
1660,Greenland,Kullorsuaq (497 km),-53.76,77.39,-55.08,77.22,-52.42,77.5,14
1529,Mali,Aguelhok (95 km),0.11,19.87,-0.66,19.64,1.02,20.12,93
1513,Sudan,El Fasher (187 km),24.42,15.03,23.52,14.78,25.22,15.26,100
1504,Mauritania,Nema (95 km),-7.52,17.43,-8.28,17.2,-6.64,17.68,100
1489,Chad,Fada (106 km),21.46,18.13,20.62,17.9,22.3,18.36,100
1481,Mali,Bourem (222 km),-1.53,18.51,-2.38,18.28,-0.68,18.74,100
1478,"Chad, Niger",Zouar (20 km),16.65,20.33,15.88,20.1,17.52,20.58,91
1476,Russian Federation,Kushiro (705 km),149.99,45.91,149.44,45.58,150.54,46.22,100
1468,Mauritania,Nema (204 km),-7.72,18.39,-8.54,18.16,-6.9,18.62,100
1464,Chad,Zouar (147 km),16.25,21.75,15.48,21.52,17.12,22.0,93
1457,Mauritania,Nema (286 km),-7.88,19.11,-8.72,18.88,-7.1,19.34,100
1453,"Chad, Sudan",Fada (265 km),23.91,16.67,23.12,16.44,24.76,16.9,100
1437,Chad,Faya Largeau (233 km),17.78,16.31,16.98,16.08,18.56,16.54,100
1412,"Chad, Sudan",Fada (254 km),23.55,18.35,22.7,18.12,24.3,18.56,100
1407,Samoa,Apia (84 km),-172.49,-13.63,-172.78,-13.8,-172.24,-13.46,100
1355,Niger,Nguigmi (297 km),11.54,16.41,10.72,16.18,12.38,16.64,100
1351,Sudan,Kerma (275 km),28.83,21.53,28.04,21.3,29.68,21.76,93
1343,"Algeria, Mali",Taoudenni (165 km),-2.95,23.73,-3.78,23.5,-2.18,23.94,91
1333,Sudan,El Fasher (293 km),26.1,16.15,25.28,15.92,26.98,16.4,92
1307,Niger,Djado (271 km),10.9,19.03,10.04,18.8,11.66,19.24,100
1301,"Algeria, Mali",Chegga (91 km),-5.31,24.71,-6.14,24.48,-4.58,24.92,89
1299,Egypt,El Alamein (131 km),28.42,29.77,27.76,29.56,29.14,29.98,100
1291,Algeria,Chegga (287 km),-4.02,27.27,-4.82,27.04,-3.3,27.48,89
1284,Chad,Mao (254 km),15.78,16.35,14.92,16.12,16.56,16.56,100
1274,Mauritania,Akjoujt (20 km),-14.22,19.69,-15.08,19.46,-13.5,19.9,100
1272,Algeria,Chegga (135 km),-5.91,26.59,-6.68,26.36,-5.16,26.8,98
1260,Algeria,Arak (168 km),3.26,23.85,2.44,23.62,4.0,24.06,79
1259,Mauritania,Akjoujt (72 km),-14.46,20.39,-15.26,20.16,-13.7,20.6,100
1255,Niger,Djado (213 km),10.4,20.93,9.54,20.7,11.12,21.14,100
1244,"Algeria, Mali",Tessalit (121 km),2.1,20.59,1.24,20.36,2.9,20.82,100
1216,Mauritania,Tidjikdja (181 km),-10.01,19.37,-10.86,19.14,-9.26,19.58,100
1211,Sudan,Kerma (391 km),27.05,20.65,26.2,20.42,27.8,20.86,100
1205,Egypt,Qasr Farafra (102 km),27.13,27.45,26.36,27.22,27.84,27.66,92
1173,Algeria,Arak (343 km),1.29,23.43,0.46,23.2,2.08,23.64,93
1167,Algeria,Tindouf (219 km),-6.65,28.95,-7.38,28.74,-5.94,29.16,91
1161,Algeria,Timimoun (141 km),1.51,29.51,0.74,29.28,2.2,29.72,90
1147,Chad,Faya Largeau (122 km),19.66,16.97,18.84,16.74,20.5,17.2,100
1145,Libya,Mizdah (57 km),13.44,31.21,12.72,31.0,14.08,31.4,82
1116,Algeria,Er Rachidia (259 km),-4.75,29.63,-5.48,29.42,-4.04,29.82,98
1109,Algeria,I-n-Salah (39 km),2.3,26.91,1.6,26.7,3.04,27.12,92
1102,Chad,Zouar (251 km),18.78,20.29,17.96,20.06,19.62,20.52,86
1096,Algeria,Reggane (35 km),0.42,26.51,-0.36,26.28,1.12,26.72,92
1052,Niger,Nguigmi (221 km),13.71,16.15,12.86,15.92,14.5,16.36,100
1045,Algeria,Adrar (210 km),-1.81,26.75,-2.52,26.54,-1.06,26.96,89
1031,Libya,Tmassa (216 km),17.4,25.27,16.6,25.04,18.14,25.48,91
1030,Algeria,Abadla (108 km),-2.85,30.05,-3.62,29.84,-2.16,30.26,89
1024,United States,Atka (7 km),-174.26,52.21,-175.32,52.0,-174.0,52.42,100
1011,"Egypt, Libya",Siwa (155 km),24.87,27.97,24.14,27.76,25.58,28.18,100
1005,Libya,Tmassa (282 km),17.56,24.55,16.8,24.34,18.36,24.76,91
993,Algeria,Timimoun (168 km),-0.83,30.27,-1.58,30.06,-0.16,30.46,100
980,Libya,Al Jaghbub (78 km),24.13,30.33,23.42,30.12,24.78,30.52,100
973,Libya,Tmassa (155 km),16.74,27.39,15.98,27.18,17.46,27.6,98
961,United Kingdom,Lerwick (35 km),-1.46,60.19,-1.68,59.86,-1.04,60.64,100
958,Libya,Nalut (85 km),11.37,31.23,10.62,31.02,11.98,31.42,89
948,Libya,Tmassa (127 km),16.9,26.67,16.2,26.46,17.7,26.88,100
941,"Morocco, Western Sahara",Bir Anzarane (117 km),-13.51,24.13,-14.3,23.92,-12.74,24.34,100
925,Algeria,Touggourt (47 km),6.48,33.17,5.84,32.98,7.12,33.36,100
915,Libya,Tubruq (92 km),23.81,31.27,23.12,31.08,24.46,31.46,88
906,Libya,Al Bayda (164 km),21.71,31.29,21.08,31.1,22.38,31.48,97
891,Algeria,Djelfa (65 km),3.81,34.85,3.22,34.68,4.4,35.02,100
844,Morocco,Tiznit (116 km),-8.83,29.21,-9.54,29.0,-8.12,29.42,91
816,United States,Atka (268 km),-176.57,51.79,-176.98,51.6,-176.26,51.98,100
810,Faeroe Islands,Tórshavn (42 km),-7.19,62.09,-7.42,61.94,-6.6,62.34,16
746,New Zealand,Waitangi (20 km),-176.49,-43.92,-176.84,-44.12,-176.2,-43.7,0
670,Morocco,Agadir (85 km),-9.3,31.13,-9.82,30.98,-8.76,31.28,100
649,Tunisia,Tozeur (24 km),8.27,34.09,7.66,33.92,8.84,34.26,99
635,Morocco,Nouadhibou (131 km),-16.53,21.95,-16.96,21.82,-16.2,22.06,81
619,"Algeria, Tunisia",Tébessa (40 km),7.8,35.25,7.22,35.08,8.38,35.42,90
506,United States,Atka (83 km),-173.46,52.09,-174.06,52.02,-172.96,52.16,100
502,Morocco,Bir Anzarane (82 km),-15.16,24.27,-15.48,24.16,-14.82,24.38,75
457,Greenland,Uummannaq (915 km),-47.47,77.45,-49.28,77.38,-46.62,77.5,88
430,New Zealand,Oban (480 km),166.14,-50.69,165.88,-50.86,166.3,-50.52,0
423,Mauritania,Nouadhibou (136 km),-15.99,20.31,-16.24,20.22,-15.72,20.4,100
390,Heard I. and McDonald Islands,Davis Station (1820 km),73.53,-53.09,73.24,-53.2,73.76,-52.96,0
381,Kiribati,Kailua-Kona (1986 km),-157.39,1.85,-157.5,1.7,-157.18,2.04,0
380,Greenland,Uummannaq (1103 km),-44.85,77.41,-45.24,77.3,-44.46,77.5,29
358,Russian Federation,Kushiro (553 km),148.7,45.42,148.58,45.32,148.86,45.52,100
334,Portugal,Horta (28 km),-28.4,38.47,-28.54,38.38,-28.24,38.56,100
315,Argentina,Belen (71 km),-66.49,-27.99,-66.88,-28.06,-65.54,-27.82,100
307,United States,Atka (336 km),-177.19,51.81,-177.44,51.68,-177.06,51.94,100
303,Republic of Cabo Verde,Mindelo (32 km),-25.26,17.01,-25.36,16.92,-25.18,17.14,0
281,South Africa,East London (1900 km),37.75,-46.89,37.58,-46.96,37.9,-46.82,0
233,Ecuador,Puerto Baquerizo Moreno (31 km),-89.35,-0.77,-89.42,-0.88,-89.26,-0.68,100
220,Niue,Alofi (5 km),-169.87,-19.05,-169.94,-19.14,-169.78,-18.96,0
220,Costa Rica,Limón (28 km),-83.17,9.79,-83.4,9.72,-82.92,9.86,100
208,France,Toulouse (78 km),2.14,43.53,1.8,43.42,2.52,43.64,100
206,United States,Atka (197 km),-172.44,52.33,-172.62,52.24,-172.3,52.4,100
195,United Kingdom,Lerwick (49 km),-1.1,60.59,-1.18,60.5,-0.98,60.74,100
193,Indonesia,Tanjungpinang (269 km),105.77,2.95,105.68,2.84,105.84,3.04,0
188,Portugal,Horta (302 km),-31.21,39.42,-31.28,39.36,-31.14,39.52,0
182,Portugal,Horta (10 km),-28.72,38.59,-28.84,38.52,-28.6,38.64,100
181,Chile,Puerto Villamil (3559 km),-109.34,-27.13,-109.46,-27.2,-109.22,-27.06,0
178,United States,Nikolski (206 km),-170.69,52.63,-170.84,52.54,-170.56,52.7,100
174,Mexico,Cabo San Lucas (474 km),-110.99,18.78,-111.06,18.72,-110.92,18.86,0
159,United States,Nikolski (111 km),-169.86,52.83,-170.02,52.78,-169.68,52.88,100
158,Faeroe Islands,Tórshavn (53 km),-6.84,61.55,-6.96,61.4,-6.64,61.64,100
154,Faeroe Islands,Klaksvík (8 km),-6.48,62.27,-6.68,62.18,-6.4,62.4,69
152,United States,Atka (212 km),-176.1,52.05,-176.2,51.96,-176.0,52.12,100
152,Somalia,Eyl (49 km),50.12,8.32,50.06,8.2,50.2,8.4,100
139,New Zealand,Oban (638 km),169.19,-52.53,169.02,-52.6,169.28,-52.46,0
133,French Southern and Antarctic Lands,Tôlanaro (2437 km),51.76,-46.39,51.66,-46.46,51.86,-46.32,0
129,Saint Helena,Tômbua (1957 km),-5.72,-15.96,-5.78,-16.02,-5.66,-15.9,0
126,United Kingdom,Lerwick (76 km),-0.86,60.77,-0.96,60.68,-0.76,60.84,100
122,Seychelles,Dzaoudzi (401 km),46.46,-9.39,46.22,-9.46,46.52,-9.34,0
117,Faeroe Islands,Tórshavn (24 km),-6.73,61.83,-6.9,61.76,-6.62,61.9,100
115,Australia,Oban (1344 km),158.89,-54.62,158.84,-54.76,158.96,-54.48,0
109,Federated States of Micronesia,Palikir (567 km),162.99,5.33,162.92,5.28,163.04,5.38,0
101,United States,Atka (222 km),-176.16,51.85,-176.22,51.8,-175.96,51.92,100
98,Saint Helena,Harper (1558 km),-14.36,-7.94,-14.42,-7.98,-14.3,-7.88,0
98,Mauritius,Curepipe (660 km),63.41,-19.71,63.34,-19.76,63.5,-19.68,0
97,Indian Ocean Territories,Sukabumi (422 km),105.65,-10.49,105.58,-10.56,105.72,-10.44,0
95,Chile,Talcahuano (726 km),-78.85,-33.61,-78.98,-33.66,-78.76,-33.58,0
94,Indonesia,Baubau (165 km),124.02,-5.95,123.96,-6.02,124.08,-5.88,100
89,Papua New Guinea,Lorengau (69 km),147.84,-2.29,147.74,-2.34,147.88,-2.24,100
86,Argentina,Puerto Williams (413 km),-63.91,-54.77,-64.04,-54.82,-63.82,-54.72,0
84,Indonesia,Telukbutun (247 km),106.25,3.15,106.2,3.1,106.28,3.22,0
84,Spain,Palma (28 km),2.4,39.6,2.36,39.52,2.48,39.64,100
83,Federated States of Micronesia,Melekeok (449 km),138.12,9.51,138.06,9.42,138.2,9.58,0
78,New Zealand,Oban (502 km),166.09,-50.89,165.94,-50.92,166.22,-50.86,0
77,Wallis and Futuna Islands,Apia (492 km),-176.15,-13.26,-176.2,-13.34,-176.12,-13.22,0
77,New Zealand,Christchurch (967 km),178.78,-49.67,178.72,-49.72,178.84,-49.62,0
76,Saint Helena,Lüderitz (3186 km),-9.97,-40.35,-10.04,-40.4,-9.9,-40.3,0
75,Saint Helena,Lüderitz (3267 km),-12.26,-37.1,-12.32,-37.14,-12.2,-37.06,0
73,Papua New Guinea,Alotau (438 km),154.25,-11.37,154.2,-11.42,154.3,-11.32,100
71,New Zealand,Waitangi (33 km),-176.17,-44.27,-176.22,-44.34,-176.12,-44.22,0
69,Cook Islands,Avarua (3 km),-159.79,-21.22,-159.84,-21.26,-159.74,-21.18,67
67,Bermuda,Hamilton (9 km),-64.86,32.27,-64.88,32.24,-64.66,32.38,0
64,Papua New Guinea,Lorengau (17 km),147.43,-2.01,147.34,-2.06,147.44,-1.96,100
64,Indonesia,Telukbutun (237 km),106.27,3.31,106.24,3.24,106.3,3.36,0
63,Colombia,Riohacha (145 km),-71.87,12.33,-71.96,12.26,-71.84,12.36,100
62,Republic of Cabo Verde,Praia (134 km),-24.72,14.85,-24.76,14.8,-24.68,14.9,100
62,French Southern and Antarctic Lands,Tôlanaro (2370 km),50.23,-46.07,50.18,-46.12,50.3,-46.04,0
61,Canada,Sydney (239 km),-59.96,43.93,-60.08,43.92,-59.74,44.0,18
58,Wallis and Futuna Islands,Neiafu (673 km),-178.15,-14.27,-178.18,-14.32,-178.06,-14.24,0
54,United States,Nikolski (141 km),-170.12,52.76,-170.2,52.72,-170.06,52.8,100
51,New Caledonia,Nouméa (420 km),163.66,-19.72,163.62,-19.78,163.7,-19.62,100
49,Chile,Lebu (900 km),-80.74,-33.73,-80.78,-33.78,-80.7,-33.7,0
49,Federated States of Micronesia,Palikir (452 km),154.28,8.15,154.24,8.12,154.32,8.18,0
48,Honduras,Trujillo (63 km),-85.87,16.47,-85.94,16.42,-85.82,16.5,20
45,Indonesia,Telukbutun (242 km),106.21,3.35,106.18,3.3,106.24,3.4,0
44,South Africa,East London (1888 km),37.92,-46.63,37.86,-46.66,37.98,-46.6,0
43,Norfolk Island,Nouméa (773 km),167.96,-29.04,167.92,-29.06,168.0,-29.0,0
43,Honduras,Roatán (7 km),-86.58,16.31,-86.6,16.28,-86.46,16.36,100
42,United States,Nikolski (272 km),-171.27,52.48,-171.32,52.46,-171.22,52.52,100
42,United States,Nikolski (133 km),-170.06,52.89,-170.12,52.86,-170.0,52.92,100
39,Indonesia,Baubau (152 km),123.95,-5.75,123.92,-5.78,124.0,-5.72,100
38,Tonga,Neiafu (387 km),-175.65,-15.6,-175.68,-15.62,-175.62,-15.56,0
37,Cook Islands,Avarua (222 km),-157.93,-21.92,-157.96,-21.94,-157.9,-21.88,100
37,United Kingdom,Lerwick (61 km),-0.83,60.59,-0.92,60.56,-0.76,60.62,100
35,French Polynesia,Papeete (1264 km),-144.32,-27.6,-144.34,-27.64,-144.3,-27.56,0
35,Brazil,Natal (987 km),-29.38,0.87,-29.42,0.84,-29.34,0.88,0
35,Kiribati,Kailua-Kona (1983 km),-157.56,1.89,-157.58,1.86,-157.52,1.94,0
35,Spain,Palma (132 km),1.58,39.08,1.56,39.02,1.62,39.1,100
34,Portugal,Horta (303 km),-31.11,39.69,-31.16,39.66,-31.08,39.72,0
34,Seychelles,Dzaoudzi (402 km),46.33,-9.33,46.3,-9.36,46.42,-9.32,0
34,Fiji,Funafuti (502 km),177.08,-12.49,177.04,-12.52,177.12,-12.48,0
30,Faeroe Islands,Klaksvík (22 km),-6.72,62.31,-6.78,62.24,-6.64,62.38,0
30,Nauru,Tarawa (709 km),166.93,-0.53,166.9,-0.56,166.96,-0.5,0
30,Papua New Guinea,Lorengau (41 km),147.35,-2.39,147.3,-2.44,147.38,-2.36,100
30,Indonesia,Telukbutun (271 km),106.22,2.8,106.2,2.74,106.24,2.82,0
30,Kiribati,Papeete (1617 km),-154.98,-4.05,-155.02,-4.08,-154.94,-4.04,0
29,Wallis and Futuna Islands,Neiafu (657 km),-178.02,-14.35,-178.06,-14.38,-177.98,-14.34,0
28,Mexico,Cabo San Lucas (739 km),-114.75,18.35,-114.8,18.32,-114.72,18.36,0
28,Cook Islands,Avarua (278 km),-157.72,-19.8,-157.74,-19.84,-157.7,-19.76,100
27,Pitcairn Islands,Papeete (2484 km),-128.32,-24.36,-128.34,-24.4,-128.3,-24.32,0
25,Palau,Sorong (435 km),131.17,3.05,131.14,3.02,131.2,3.06,0
25,Brazil,Natal (381 km),-32.41,-3.85,-32.46,-3.88,-32.38,-3.84,0
24,Kiribati,Papeete (727 km),-151.81,-11.4,-151.82,-11.46,-151.78,-11.38,0
23,Cook Islands,Avarua (230 km),-158.11,-19.99,-158.14,-20.02,-158.08,-19.98,100
23,New Caledonia,Nouméa (371 km),163.96,-20.04,163.94,-20.06,163.98,-20.0,100
23,Faeroe Islands,Klaksvík (22 km),-6.34,62.27,-6.38,62.24,-6.28,62.3,100
22,Japan,Naha (399 km),131.24,25.84,131.22,25.82,131.26,25.88,0
21,Australia,Coffs Harbour (676 km),159.06,-31.53,159.04,-31.6,159.1,-31.52,0
20,Papua New Guinea,Lorengau (55 km),147.77,-2.05,147.74,-2.08,147.8,-2.04,100
20,Papua New Guinea,Lorengau (59 km),147.28,-2.56,147.26,-2.58,147.3,-2.54,100
20,Papua New Guinea,Sohano (226 km),154.71,-3.4,154.7,-3.46,154.74,-3.38,100
20,Kiribati,Papeete (1500 km),-155.89,-5.63,-155.94,-5.64,-155.86,-5.6,0
20,British Indian Ocean Territory,Malé (1293 km),72.43,-7.39,72.42,-7.42,72.48,-7.38,0
20,United States,Hampton (71 km),-76.38,37.67,-76.42,37.66,-76.32,37.7,100
19,Madagascar,Antsiranana (37 km),49.26,-11.95,49.22,-11.98,49.28,-11.94,100
19,Colombia,Riohacha (117 km),-72.13,12.25,-72.18,12.22,-72.12,12.26,100
18,United States,Atka (183 km),-175.83,51.95,-175.86,51.92,-175.78,51.96,100
17,United Kingdom,Lerwick (32 km),-0.96,60.37,-1.02,60.34,-0.92,60.38,100
16,Republic of Korea,Mokpo (164 km),125.12,34.07,125.1,34.04,125.14,34.1,100
15,Equatorial Guinea,São Tomé (234 km),5.63,-1.45,5.62,-1.48,5.64,-1.42,0
15,United Kingdom,Lerwick (20 km),-1.32,60.09,-1.36,60.04,-1.3,60.12,100
15,Costa Rica,Ciudad Cortés (547 km),-87.07,5.55,-87.1,5.52,-87.06,5.56,0
15,British Indian Ocean Territory,Malé (1284 km),72.41,-7.31,72.38,-7.34,72.44,-7.28,0
15,Mauritius,Victoria (648 km),56.53,-10.34,56.52,-10.38,56.56,-10.32,0
15,Solomon Islands,Honiara (321 km),162.47,-10.83,162.46,-10.86,162.48,-10.8,100
15,Indian Ocean Territories,Bengkulu (1112 km),96.85,-12.19,96.82,-12.2,96.86,-12.14,0
14,French Polynesia,Papeete (1403 km),-136.99,-18.33,-137.04,-18.34,-136.98,-18.28,0
14,Mexico,Cabo San Lucas (410 km),-110.81,19.32,-110.84,19.28,-110.8,19.34,0
14,Fiji,Nandi (532 km),174.61,-21.67,174.6,-21.7,174.64,-21.66,0
14,French Polynesia,Papeete (736 km),-147.69,-23.87,-147.72,-23.88,-147.66,-23.86,0
13,Japan,Naha (405 km),131.3,25.95,131.28,25.92,131.32,25.96,0
13,Algeria,Abadla (196 km),-3.99,29.79,-4.02,29.78,-3.96,29.8,100
13,Algeria,Abadla (188 km),-3.91,29.81,-3.94,29.8,-3.88,29.82,100
13,Algeria,Abadla (180 km),-3.83,29.83,-3.86,29.82,-3.8,29.84,100
13,Algeria,Abadla (172 km),-3.75,29.85,-3.78,29.84,-3.72,29.86,100
13,Algeria,Abadla (165 km),-3.67,29.87,-3.7,29.86,-3.64,29.88,100
12,United Kingdom,Lerwick (104 km),-2.08,60.15,-2.1,60.12,-2.04,60.16,100
12,United States,Richmond (67 km),-76.85,37.55,-76.88,37.54,-76.82,37.56,0
12,United States,Richmond (76 km),-76.77,37.57,-76.8,37.56,-76.74,37.58,0
12,United States,Hampton (73 km),-76.69,37.59,-76.72,37.58,-76.66,37.6,0
12,United States,Hampton (71 km),-76.61,37.61,-76.64,37.6,-76.58,37.62,0
10,Russian Federation,Severo Kurilsk (752 km),150.81,46.47,150.8,46.44,150.84,46.48,100
10,Kiribati,Tarawa (459 km),169.54,-0.87,169.52,-0.88,169.56,-0.86,0
10,Indonesia,Telukbutun (280 km),105.97,3.06,105.96,3.04,105.98,3.08,0
10,Indonesia,Telukbutun (231 km),106.42,3.15,106.4,3.14,106.44,3.16,0
10,Papua New Guinea,Sohano (245 km),154.61,-3.23,154.6,-3.26,154.64,-3.22,100
10,Papua New Guinea,Sohano (234 km),154.67,-3.33,154.66,-3.36,154.7,-3.32,100
10,Colombia,Tumaco (393 km),-81.59,3.99,-81.62,3.96,-81.58,4.0,0
10,Federated States of Micronesia,Palikir (531 km),153.67,5.29,153.66,5.28,153.7,5.32,0
10,British Indian Ocean Territory,Malé (1281 km),72.49,-7.29,72.46,-7.3,72.5,-7.26,0
10,Palau,Melekeok (67 km),134.71,8.08,134.7,8.06,134.72,8.1,0
10,Seychelles,Dzaoudzi (365 km),46.49,-9.74,46.48,-9.76,46.5,-9.72,0
10,Solomon Islands,Lata (175 km),167.17,-9.87,167.16,-9.9,167.2,-9.86,100
10,Marshall Islands,Majuro (675 km),166.86,11.15,166.84,11.14,166.88,11.16,100
10,Indian Ocean Territories,Bengkulu (1109 km),96.9,-12.19,96.88,-12.2,96.92,-12.18,0
10,Colombia,Riohacha (123 km),-72.06,12.25,-72.08,12.24,-72.04,12.26,100
9,French Polynesia,Papeete (1463 km),-136.46,-18.47,-136.48,-18.48,-136.44,-18.46,0
9,French Polynesia,Papeete (1478 km),-136.33,-18.53,-136.34,-18.56,-136.3,-18.52,0
9,Cook Islands,Avarua (260 km),-159.79,-18.86,-159.8,-18.88,-159.78,-18.84,0
9,Cook Islands,Avarua (297 km),-157.33,-20.16,-157.34,-20.18,-157.32,-20.14,100
9,Faeroe Islands,Tórshavn (87 km),-7.6,62.11,-7.64,62.1,-7.56,62.12,0
9,South Georgia and the Islands,Grytviken (629 km),-42.1,-53.47,-42.12,-53.5,-42.08,-53.46,0
9,South Georgia and the Islands,Grytviken (588 km),-41.74,-53.57,-41.76,-53.6,-41.72,-53.56,0
8,New Zealand,Kaitaia (165 km),172.14,-34.15,172.12,-34.16,172.16,-34.14,0
6,United States,Atka (362 km),-177.44,51.91,-177.46,51.9,-177.42,51.92,100
6,United States,Atka (215 km),-176.12,51.95,-176.14,51.94,-176.1,51.96,100
6,United States,Atka (172 km),-175.73,51.95,-175.74,51.94,-175.7,51.98,100
6,United States,Atka (191 km),-175.9,51.97,-175.92,51.96,-175.88,51.98,100
6,United States,Nikolski (256 km),-171.14,52.57,-171.16,52.56,-171.12,52.58,100
6,Russian Federation,Nikolayevsk na Amure (230 km),139.25,54.59,139.24,54.58,139.28,54.62,100
5,Maldives,Malé (536 km),73.11,-0.63,73.1,-0.64,73.12,-0.62,0
5,Maldives,Malé (535 km),73.23,-0.63,73.22,-0.64,73.24,-0.62,0
5,Federated States of Micronesia,Kavieng (594 km),154.79,0.97,154.78,0.96,154.8,0.98,0
5,Palau,Sorong (430 km),131.79,2.97,131.78,2.96,131.8,2.98,0
5,Indonesia,Kuantan (271 km),105.65,3.11,105.64,3.1,105.66,3.12,100
5,Papua New Guinea,Sohano (238 km),154.65,-3.29,154.64,-3.3,154.66,-3.28,100
5,Federated States of Micronesia,Palikir (504 km),154.89,3.77,154.88,3.76,154.9,3.78,0
5,Kiribati,Atafu (484 km),-174.51,-4.69,-174.52,-4.7,-174.5,-4.68,0
5,British Indian Ocean Territory,Malé (1178 km),71.35,-6.19,71.34,-6.2,71.36,-6.18,100
5,Federated States of Micronesia,Agana (685 km),143.91,7.37,143.9,7.36,143.92,7.38,0
5,Cook Islands,Papeete (1336 km),-157.97,-8.97,-157.98,-8.98,-157.96,-8.96,0
5,Seychelles,Dzaoudzi (392 km),46.21,-9.39,46.2,-9.4,46.22,-9.38,0
5,Federated States of Micronesia,Agana (625 km),140.53,9.77,140.52,9.76,140.54,9.78,0
5,Marshall Islands,Majuro (638 km),167.47,11.29,167.46,11.28,167.48,11.3,100
5,Marshall Islands,Palikir (680 km),162.35,11.35,162.34,11.34,162.36,11.36,0
5,Ashmore and Cartier Islands,Kupang (251 km),123.59,-12.43,123.58,-12.44,123.6,-12.42,100
5,Grenada,Saint George's (52 km),-61.49,12.45,-61.5,12.44,-61.48,12.46,100
5,French Polynesia,Papeete (1067 km),-140.11,-15.97,-140.12,-15.98,-140.1,-15.96,100
5,United States Minor Outlying Islands,Lihue (1273 km),-169.53,16.73,-169.54,16.72,-169.52,16.74,0
5,French Polynesia,Papeete (1468 km),-136.41,-18.49,-136.42,-18.5,-136.4,-18.48,0
5,Mexico,Chetumal (118 km),-87.25,18.67,-87.26,18.66,-87.24,18.68,100
5,Cook Islands,Avarua (236 km),-158.95,-19.25,-158.96,-19.26,-158.94,-19.24,100
5,Cook Islands,Avarua (238 km),-158.91,-19.25,-158.92,-19.26,-158.9,-19.24,100
5,United States Minor Outlying Islands,Majuro (1455 km),166.65,19.29,166.64,19.28,166.66,19.3,0
5,Coral Sea Islands,Hervey Bay (859 km),158.33,-19.87,158.32,-19.88,158.34,-19.86,0
5,Brazil,Nova Viçosa (1157 km),-29.33,-20.57,-29.34,-20.58,-29.32,-20.56,0
5,Tonga,Nuku'alofa (172 km),-176.21,-22.33,-176.22,-22.34,-176.2,-22.32,100
5,Algeria,Arak (257 km),2.15,23.61,2.14,23.6,2.16,23.62,100
5,Algeria,Arak (250 km),2.23,23.63,2.22,23.62,2.24,23.64,100
5,Algeria,Arak (242 km),2.31,23.65,2.3,23.64,2.32,23.66,100
5,Algeria,Arak (235 km),2.39,23.67,2.38,23.66,2.4,23.68,100
5,Pitcairn Islands,Papeete (2212 km),-130.75,-23.93,-130.76,-23.94,-130.74,-23.92,100
5,Morocco,Ad Dakhla (68 km),-15.51,24.15,-15.52,24.14,-15.5,24.16,100
5,Japan,Capitol Hill (1363 km),153.95,24.31,153.94,24.3,153.96,24.32,0
4,Pitcairn Islands,Papeete (2323 km),-130.11,-25.07,-130.12,-25.08,-130.1,-25.06,100
4,United States,Lihue (1439 km),-171.73,25.77,-171.74,25.76,-171.72,25.78,0
4,Algeria,Reggane (114 km),1.19,26.67,1.18,26.66,1.2,26.68,100
4,Algeria,Reggane (123 km),1.27,26.69,1.26,26.68,1.28,26.7,100
4,Algeria,Reggane (132 km),1.35,26.71,1.34,26.7,1.36,26.72,100
4,Algeria,I-n-Salah (127 km),1.43,26.73,1.42,26.72,1.44,26.74,100
4,Bahamas,Freeport (88 km),-78.33,27.23,-78.34,27.22,-78.32,27.24,100
4,Republic of Korea,Mokpo (132 km),125.29,34.39,125.28,34.38,125.3,34.4,100
4,Republic of Korea,Mokpo (135 km),125.19,34.67,125.18,34.66,125.2,34.68,100
